True Cell Type,Predicted Main Cell Type,Predicted Sub Cell Types,Possible Mixed Cell Types,Marker List,Iterations,Model,Provider,Tissue,Species
cluster_10,Endothelial Cells,"Inflammatory Endothelial Cells, Angiogenic Endothelial Cells, Activated Endothelial Cells",,"PCAT19, SELE, CSF3, ADAMTS9, ECSCR, IL6, AKAP12, ANGPT2, ADGRL4, SERPINE1, HMOX1, S1PR1, FABP4, CD93, CXCL8, CALCRL, TFPI2, GNG11, PLVAP, CCL2, IGFBP7, CXCL2, MT2A, TFPI, SPARCL1, TM4SF1, CXCL3, ADAMTS4, UPP1, CXCL1, PNP, SPRY1, TUBB6, PKIG, STC1, SOD2, FOSL1, CAV1, PLPP3, EMP1, NFKBIA, ICAM1, CD59, ID3, PHLDA1, TXNRD1, TCF4, FAM241A, ETS2, IFI27",1,gpt-4o-2024-08-06,openai,breast cancer,human
cluster_1,macrophages,"Tumor-associated macrophages (TAMs), Classical macrophages (M1), Non-classical macrophages (M2)",,"LYZ, TYROBP, OLR1, AIF1, C1QA, FCER1G, C1QB, HLA-DRA, FCGR3A, C1QC, MNDA, MS4A6A, FPR3, IGSF6, APOC1, LST1, HLA-DPA1, CYBB, HLA-DQA1, HLA-DPB1, FCGR2A, SPP1, FGL2, HLA-DRB1, CD14, SPI1, C1orf162, CCL3, CD68, CD74, PLEK, HLA-DQB1, CTSS, APOE, LAPTM5, RNASE6, HLA-DMB, GPR183, SRGN, CLEC7A, RGS1, ITGB2, TNFSF13B, KCTD12, HLA-DRB5, CD83, HLA-DMA, CTSZ, ZEB2, SGK1",1,gpt-4o-2024-08-06,openai,breast cancer,human
cluster_0,Epithelial Cells,"Basal-like Epithelial Cells, Luminal Progenitor Cells, Cancer Stem-like Cells",,"KRT6A, FDCSP, KRT14, KRT17, KRT6B, SLPI, SERPINB5, DDIT4, SAA1, RHOV, NDUFA4L2, ID1, RARRES1, S100P, SFRP1, RPL39L, TACSTD2, CDKN2A, PDZK1IP1, MT1X, MFGE8, DMKN, CSTB, LY6K, TMEM45A, KRT5, TFDP1, S100A9, WFDC2, PERP, GADD45A, PMAIP1, SOX9, MAL2, TPM2, GIPC1, CLDN4, ANXA2, SLC25A37, LSR, LAMP1, RHEB, LGALS3, SNRPA1, GSTP1, STMN1, EMP2, BRI3, ATP1B3, YBX3",1,gpt-4o-2024-08-06,openai,breast cancer,human
cluster_11,Epithelial Cells,"Luminal Epithelial Cells, Luminal Progenitor Cells, Basal Epithelial Cells",,"MTCO2P12, CPB1, GSTM1, KCNC2, H3-3A, H1-0, GRIA2, H3-3B, H2AJ, PHGR1, LRP2, PLAAT3, ANKRD50, WBP1, MTRNR2L12, H2AZ1, FAM3B, GABARAP, TPRG1, CA2, PRKACB, RBIS, PTPRT, ATP6V0C, CXCL14, FSIP1, AKR7A3, ASAH1, TFF3, NAT1, ABHD2, GPX1, MICOS13, PSD3, KAT6B, PKIB, NGRN, ALDOA, AFF3, BCAM, LDLRAD4, MAST4, PLAT, ESR1, COX6C, QDPR, GATA3, SLC39A6, IGF1R, MRPS30",1,gpt-4o-2024-08-06,openai,breast cancer,human
cluster_12,epithelial cells,"Luminal A Breast Cancer Cells, Luminal B Breast Cancer Cells, Normal Luminal Epithelial Cells",,"CLIC6, SIM2, STC2, FASN, SLC7A2, MS4A7, TMC5, COL1A1, MUC1, PGR, CA12, PGGHG, MAPT, COL1A2, POLR2J3.1, SLC40A1, ZNF552, FKBP5, GJA1, COL3A1, BATF, C1orf21, SEMA3C, DLG5, KRT19, CRIP1, KDM4B, ZNF652, SLC38A1, ANKRD30A, KRT7, RUNX1, PRLR, S100A14, SREBF1, EVL, RAB11FIP1, DEGS2, CRACR2B, ZG16B, SMIM22, ADIRF, TBC1D9, NPDC1, STOM, FN1, IL6ST, SPARC, UGDH, AZGP1",1,gpt-4o-2024-08-06,openai,breast cancer,human
cluster_13,breast epithelial cells,"Luminal Epithelial Cells, HER2-positive Breast Cancer Cells, Basal-like Breast Cancer Cells",,"MUCL1, SCGB2A2, AC109826.1, AC025154.2, ERBB2, CALML5, CNTNAP2, AQP5, AL354707.1, KRT10, CEACAM6, TEX9, PPP1R1A, CISD3, NUDT8, DUSP6, FADS2, PSMB3, IGHG1, IGHM, SOCS7, PIP4K2B, GRB7, FAM84B, PGAP3, SCD, MRPL45, MLLT6, LASP1, CWC25, S100A9, RPL23, MIEN1, PCGF2, CXCL17, SQLE, IGKC, G6PD, HMGCS1, MPHOSPH6, CRIP1, LAPTM4B, IGLC2, QPRT, SMARCE1, GALNT7, TMEM99, MGST1, PLGRKT, CBR3",1,gpt-4o-2024-08-06,openai,breast cancer,human
cluster_14,Epithelial Cells,"Luminal Epithelial Cells, Basal/Myoepithelial Cells, Cancer Stem-like Cells",,"PIGR, PI3, ALDH1A3, SAA1, CXCL1, SAA2, CCL20, MMP7, CXCL3, LTF, SOD2, CXCL8, MT2A, S100A9, SNORC, ANXA3, KRT23, LCN2, CCL2, HMGA1, MT1X, CXCL2, BIRC3, S100A6, CD59, KRT7, GLIPR1, SVIL, WFDC2, PDZK1IP1, SLC25A37, TNFRSF12A, SLPI, RPS17, MT-ND6, SDC4, ANXA1, TACSTD2, S100A16, MGST1, CARHSP1, DDX21, PRELID1, SMS, RPL17, TUBA1C, TXN, YBX1, RPL31, RPL34",1,gpt-4o-2024-08-06,openai,breast cancer,human
cluster_15,epithelial cells,"luminal epithelial cells, basal/myoepithelial cells, cancer stem-like cells",,"SIX3, SNORC, KANK4, MYEOV, FABP7, MT1H, OBP2B, ROCR, SCRG1, KRT15, TTYH1, ACTR3B, PCSK1N, KLK11, NIPAL3, GMDS, KRT19, MT1G, MT-ND2, RAMP2, PPP1R1B, NFIB, NDRG2, RPS17, EIF3L, RPLP0, MT-ND3, LYRM4, NOP53, SNHG7, MT-ND1, RPL23A, MT-CYB, RPSA, RPS20, RPS3, RPL7, RPS12, RPS19, MARCKSL1, RPL27, C6orf48, FBL, SOX4, RPS24, RPL6, PABPC1, RPS6, POLR2F, RPL34",1,gpt-4o-2024-08-06,openai,breast cancer,human
cluster_16,breast epithelial cells,"HER2-positive Breast Cancer Cells, Luminal Breast Cancer Cells, Basal-like Breast Cancer Cells",,"SOX11, PNMT, PPP1R1B, MUC6, ERBB2, RNF43, PIP, TFF3, SPINK8, GUCY1A1, ST8SIA6-AS1, NR2F1, HOPX, AC093001.1, SERHL2, PART1, PGAP3, TFAP2B, MIEN1, GRB7, SLC12A2, CALML5, ORMDL3, NUDT8, MSL1, CXCL17, PSMD3, AC010642.2, MED1, FBXL20, LRRC26, GALNT7, CPD, COIL, ANKRD30A, EPN2, UBE2M, METRN, TRIM28, STARD3, CHMP2A, CDK12, AKAP1, KRT7, IFT20, KIAA1324, APOD, SPDEF, LIMCH1, CREB3L4",1,gpt-4o-2024-08-06,openai,breast cancer,human
cluster_19,luminal epithelial cells,"Luminal A Subtype, Luminal B Subtype, Normal Luminal Epithelial Cells",,"LINC02584, SCGB2A2, PEG3, TFAP2B, ORAOV1, SRARP, TNNT1, AAMDC, EVA1B, RSF1, NSD3, ALG8, THAP12, GATA3, NDUFC2, TRPS1, CLNS1A, ANKRD30A, PLPP5, CAMK2N1, TFF3, RERG, MS4A7, PRSS23, XBP1, RAB11FIP1, MLPH, PAK1, N4BP2L2, S100A14, TBX3, NQO1, DUSP4, GADD45G, GALNT6, KCNQ1OT1, CTTN, ALCAM, CCND1, CXXC5, SELENOP, CD24, MTIF3, KRT18, FXYD3, ERBB3, INTS6, RPL21, DSP, ADIRF",1,gpt-4o-2024-08-06,openai,breast cancer,human
cluster_17,Epithelial Cells,"HER2-positive Breast Cancer Cells, Luminal Epithelial Cells, Basal-like Breast Cancer Cells",,"SLC5A8, DCD, SERHL2, HIST1H3H, CD24, TTC36, FIG4, TFAP2A, HIST1H2BN, TMEM14C, G6PC3, HIST1H1C, TMEM14B, ABRACL, FAM8A1, CASD1, SMPD2, MT1G, ALDH3B2, SSH2, PAK1IP1, RBP1, IFT122, PODXL2, RNF144B, CD164, TPMT, ITPR1, LONP2, TRAF4, KIF13A, ARFGEF3, MIEN1, HEBP2, SLC35B3, ALDH2, CRABP2, ISOC1, CCDC57, ERBB2, AIG1, RAC3, SLC9A3R1, UNC119, NUP153, UBA6, CENPX, ARMT1, MRPL12, RGL2",1,gpt-4o-2024-08-06,openai,breast cancer,human
cluster_18,Epithelial Cells,"Luminal Epithelial Cells, Basal/Myoepithelial Cells, Ductal Epithelial Cells",,"PTN, MGP, KRT15, STAC2, CCL28, SYNM, SCGB2A2, LTF, SNORC, AK5, SFRP1, KLK5, SAA2, SAA1, SCGB2A1, MIA, DEFB1, NTRK2, SCGB1D2, CX3CL1, RARRES1, GABRP, MMP7, NDRG2, CRYAB, NFIB, SLPI, TSHZ2, CHI3L1, WFDC2, SLC12A2, ARL4A, ANXA1, CXCL2, SORBS2, ARID5A, DEPP1, NCOA7, KRT14, CLU, TACSTD2, TM4SF1, GBP2, RCAN1, CLDN4, ATF3, WEE1, KRT17, KRT7, SLC25A37",1,gpt-4o-2024-08-06,openai,breast cancer,human
cluster_20,fibroblasts,"Cancer-Associated Fibroblasts (CAFs), Myofibroblasts, Pericyte-like Fibroblasts",,"COL1A1, COL1A2, COL3A1, AEBP1, SPARC, COL11A1, SEPTIN11, ITGA11, MMP11, MTCO2P12, FN1, COL5A1, COL5A2, COL12A1, COL6A3, COL6A2, SFRP2, POSTN, COL6A1, COL10A1, DCN, THY1, THBS2, LUM, MMP2, ADAMTS2, ASPN, BGN, ANTXR1, FBN1, MXRA5, PDGFRB, ISLR, MXRA8, CDH11, COL8A1, MMP14, FBLN2, LRP1, ADAM12, VCAN, CTSK, RARRES2, DPYSL3, PCOLCE, NID1, TIMP3, SULF1, MFAP2, IGFBP7",1,gpt-4o-2024-08-06,openai,breast cancer,human
cluster_21,epithelial cells,"breast cancer epithelial cells, luminal epithelial cells, basal-like epithelial cells",,"CRISP3, TUBA3D, CXCL13, EEF1A2, TMEM238, METRN, S100P, CCDC74A, CLIC6, STARD10, GJA1, UGDH, PREX1, MT-ATP8, SCD, DLG5, SIAH2, SNHG9, DEGS2, ADIRF, CRIP2, MT-ND3, ELOVL5, NQO1, FASN, TRPS1, MT1G, SLC40A1, SMIM22, CHPT1, RUNX1, PLA2G16, KRT19, PRSS23, MT-CO2, H2AFJ, S100A14, RPL18, CIB1, CRIP1, JUND, MT-CYB, NUPR1, PRDX1, NDUFC2, RPS21, BST2, HSPA1A, MT-ND4L, GNAS",1,gpt-4o-2024-08-06,openai,breast cancer,human
cluster_22,Epithelial Cells,"Luminal Epithelial Cells, Basal/Myoepithelial Cells, Cancer Stem-like Cells",,"PDSS2, MUC15, CLIC3, NR2F1, MUCL1, CD24, LINC01133, QRSL1, PRKAR2B, KRT7, CKB, BNIP3, C6orf203, IFI27, TCAF1, TNNT1, SELENOP, SYPL1, IGFBP5, TMA16, ARHGEF35, SCOC, RRAS, AARD, PIK3R1, ARMT1, CREB3L2, NAMPT, LMO4, S100A10, CBR3, P4HA1, BLVRB, KRT19, VAV3, PRLR, ANKRD30A, TMEM263, COX20, PERP, CRIP2, RAD21, CRACR2B, TSPAN13, MSRB2, NDUFB2, CYB5A, JPT1, GTF2H5, HEBP2",1,gpt-4o-2024-08-06,openai,breast cancer,human
cluster_2,Luminal Epithelial Cells,"Immune Cells, Other Epithelial Cells","Luminal Epithelial Cells, Immune Cells","CST5, LINC01238, CST2, TRPA1, SLITRK6, CLEC3A, FGF10, PIP, KCNJ3, MRPS30-DT, KCNE4, AC105999.2, RHOBTB3, PI15, BMPR1B, AGR3, SSFA2, TPRG1, TFF1, TCIM, NAT1, CXCL14, MRPS30, IFI27, AGR2, SLC39A6, PLAT, TFF3, GATA3-AS1, COX6C, PKIB, FTH1, GLRX, ISG15, CRABP2, BST2, IFI6, ESR1, GATA3, XBP1, CA12, AZGP1, MGST1, PRSS23, ZG16B, ADIRF, ANKRD30A, PBX1, H2AFJ, PLA2G16",2,gpt-4o-2024-08-06,openai,breast cancer,human
cluster_23,Epithelial Cells,"Luminal Epithelial Cells, Basal Epithelial Cells, Myoepithelial Cells",,"NPW, S100A7, TFF1, AREG, RAB11FIP1, MRPL15, FAM210B, CLIC3, CST6, TFF3, CALML5, LYPLA1, TINCR, KRT18, RB1CC1, ERLIN2, CSTF1, KRT8, KRT19, MGME1, ESF1, TMEM150C, TFAP2C, SNRPB2, RTF2, IFI27, CXXC5, RRBP1, CLDN3, S100P, TCEA1, EFHD1, STARD10, ZNF217, NSD3, AGR2, DSTN, CRIP2, FASN, MUC1, PBX1, ATP6V1H, S100A14, MLPH, SLC25A1, SNX5, PRPF6, PLPP5, SDC1, LY6E",1,gpt-4o-2024-08-06,openai,breast cancer,human
cluster_25,Epithelial Cells,"Luminal Epithelial Cells, Luminal Progenitor Cells, Basal/Myoepithelial Cells",,"SCGB1D2, SCGB2A2, IGFBP5, HMGCS2, SBSPON, TFF3, GFRA1, C19orf33, EVA1B, TFF1, LY6K, KCNK6, KRT19, MDFI, ANKRD28, EIF3H, SLC40A1, SPDEF, CRIP1, PLA2G16, TMED2, XBP1, SCD, TSTA3, AGR3, PPDPF, BTG2, LYPLA1, SH3BGRL, EEF1D, PBX1, SQLE, TPD52, ERGIC3, CYB5A, KRT18, FOSB, MUC1, RPL8, RPL36A, JUN, SMIM22, MT-CO1, RPS17, EEF2, AZGP1, NEAT1, RPL7, EIF3E, RPL3",1,gpt-4o-2024-08-06,openai,breast cancer,human
cluster_24,B-cells,"Plasma Cells, Memory B-cells, Mature B-cells",,"IGKC, IGHG1, IGHG3, AC012236.1, MZB1, IGHGP, TNFRSF17, IGHG4, JCHAIN, FCRL5, IGLC3, JSRP1, IGLC2, DERL3, CD79A, POU2AF1, CD38, IGHG2, IGHA1, FKBP11, TENT5C, IGHM, SLAMF7, ITM2C, ZBP1, CD79B, EAF2, PIM2, SEC11C, SEL1L3, SSR4, HERPUD1, PRDM1, PDK1, CD27, ICAM2, SPCS3, ISG20, MEF2C, CCND2, CYTIP, CYBA, RGS1, ST6GALNAC4, ST6GAL1, PRDX4, KLF13, HSP90B1, AC007952.4, ANKRD28",1,gpt-4o-2024-08-06,openai,breast cancer,human
cluster_26,luminal epithelial cells,"Luminal A Breast Cancer Cells, Luminal B Breast Cancer Cells, Normal Luminal Epithelial Cells",,"TMEM64, KCNK15, C20orf204, IFI27, AGR2, CRIP1, GSTM3, CST6, HIST1H2BD, IFITM1, KRT18, SLC39A6, MRPS30-DT, UBE2C, KRT8, LSM1, IFI6, BCAS4, PARD6B, H2AFJ, ADIRF, PSMA7, HSPB1, ROMO1, LURAP1L, ISG15, ADRM1, KRT19, COX6A1, COX6C, PPDPF, STARD10, CRACR2B, TFF3, PLPP5, RAB11FIP1, C4orf48, LAMTOR5, BST2, SMIM22, NSD3, IFITM3, ERGIC3, ATP5F1E, MT-CO2, MT-CYB, TMEM205, TCEAL4, ASAH1, NDUFS8",1,gpt-4o-2024-08-06,openai,breast cancer,human
cluster_27,myoepithelial cells,"basal epithelial cells, luminal progenitor cells",,"PCP4, HRCT1, ACTG2, SCRG1, KRT81, TAGLN, KRT17, AARD, PCSK1N, MYLK, KRT16, MIA, GABRP, DSG3, CTGF, DSC2, FBXO32, TPM2, MYL9, FBLN2, SYNM, ACTA2, KRT23, PFN2, PLOD1, CRYAB, ITM2C, CD24, S100A1, TUSC3, SDC2, S100P, RBP7, HIST1H2AC, CALML5, LAPTM4B, MDK, MFAP2, NDRG1, IMPA2, CDKN2A, S100A6, LY6E, NFIB, SERPINH1, STMN1, MAL2, RCN1, GSTP1, RCN2",1,gpt-4o-2024-08-06,openai,breast cancer,human
cluster_28,B-cells,"Plasma Cells, Memory B-cells, Naive B-cells",,"TCL1A, MS4A1, SPIB, PLAC8, CD79A, IRF8, CD79B, JCHAIN, IGHM, LTB, HLA-DRA, IGKC, POU2F2, SELL, PRKCB, BCL11A, MEF2C, HLA-DPA1, RIPOR2, CD74, CD37, HLA-DPB1, GPR183, CD52, HLA-DRB1, CXCR4, HLA-DQA1, CORO1A, SEPT6, PLEK, CD53, NCF1, IKZF1, RAC2, HLA-DMB, HLA-DQB1, TCF4, EVI2B, CD83, LAPTM5, LCP1, LIMD2, ALOX5AP, MZB1, PTPRC, IGLC2, RGS1, CD48, PPM1K, CYB561A3",1,gpt-4o-2024-08-06,openai,breast cancer,human
cluster_29,luminal epithelial cells,"Luminal A Subtype, Luminal B Subtype, Normal-like Luminal Cells",,"CPB1, IGFBP5, GRIA2, HOXA7, GDF15, AGR3, PARD6B, CTSK, SCGB3A1, GATA3, SLC7A2, RAMP1, CRIP1, MRPS30-DT, SMIM22, GADD45G, AARD, SUCO, C4orf48, ZMYND8, SMG7, MRPS21, RPRD2, GFRA1, KRTCAP2, EFNA1, MCL1, GATA3-AS1, KCNK6, ZNF552, ESR1, DPM3, TCEAL3, TMCO1, THSD4, H2AFJ, AP2B1, COX6C, SLC39A6, HSPB1, JUND, FLNB, C15orf48, TCEAL4, RHOBTB3, IRX3, NR4A1, ELF3, ASH1L, CCND1",1,gpt-4o-2024-08-06,openai,breast cancer,human
cluster_3,Luminal Epithelial Cells,"Luminal Progenitor Cells, Mature Luminal Cells, Luminal Breast Cancer Cells",,"FABP3, DHRS2, SRARP, STC2, RAMP1, MGP, MESP1, SUSD3, FSIP1, ADIRF, SCGB2A2, GSTM3, KIF22, SMIM22, ANKRD30A, COX6C, TBC1D9, KNOP1, NUPR1, CLDN3, TCEAL4, FAM173A, MAGED2, AZGP1, ABHD11, HEBP1, MT-ND5, KRT19, NUDT16L1, PLA2G16, METRN, TCEAL3, KRT18, ZG16B, CD24, AGR3, NME3, SMIM14, S100A14, SNRNP25, CRIP1, SEPHS2, C4orf48, KRT8, GATA3, XBP1, ESR1, ELF3, SPINT2, EFHD1",1,gpt-4o-2024-08-06,openai,breast cancer,human
cluster_30,breast cancer epithelial cell,"HER2-Positive Breast Cancer Cells, Molecular Apocrine Breast Cancer Cells, Luminal B Breast Cancer Cells",,"IGFBP5, MIPEP, IGFBP2, KLK11, RPL23, SRCIN1, MIEN1, C17orf75, SHROOM3, ERBB2, ZNF207, RBP1, CISD3, MED1, CDK12, LRRC75A, MT-ND3, JUND, CCNI, BRD9, AR, ARMT1, MLLT6, CWC25, RHOT1, PSMB3, PCGF2, RPL19, PSMD11, NOVA1, LRRC26, IARS2, MT-ATP8, PDCD6, ADD3, SGPL1, GRB7, CCNG2, SCARB2, PCBD1, TNFSF10, STARD3, DCAF6, SDAD1, ANKRD17, MT-ATP6, EPRS, TRPS1, SNHG19, MPC2",1,gpt-4o-2024-08-06,openai,breast cancer,human
cluster_31,macrophages,"tumor-associated macrophages (TAMs), classical (M1) macrophages, non-classical (M2) macrophages",,"MARCHF1, GPX1, MTCO2P12, TYROBP, CD74, C1QC, CALHM6, SPI1, C1QB, C1QA, CD68, HLA-DPA1, FCER1G, HLA-DRB5, FCGR3A, HLA-DRB1, AIF1, MS4A6A, HLA-DRA, HLA-DPB1, CSF1R, MACROH2A1, ATP6V0C, H3-3B, HLA-DQA1, LILRB4, CYBB, CIAO2A, ADAP2, FCGR2A, LAPTM5, H3-3A, GABARAP, FPR3, LYZ, LST1, CD14, FGL2, C1orf162, HLA-DQB1, ITGB2, RASSF4, CD4, SERPINA1, TNFSF13B, CTSB, PLEK, MNDA, FYB1, HLA-DMB",1,gpt-4o-2024-08-06,openai,breast cancer,human
cluster_32,vascular smooth muscle cells,"pericytes, endothelial cells",,"PLN, RGS5, GJA4, MT1A, C11orf96, MYH11, IGFBP7, MCAM, PPP1R14A, TAGLN, ACTA2, PDGFRB, IL6, COL4A1, CRISPLD2, ADAMTS4, ADAMTS1, PDK4, SPARCL1, PLAC9, MAP1B, AKAP12, COL4A2, TPM2, SOD3, MYL9, COL18A1, MT1M, EPAS1, CALD1, VASN, CPE, ADAMTS9, LHFPL6, APOLD1, CAV1, AXL, GEM, LBH, TINAGL1, CAVIN3, PHLDA1, TFPI, NOTCH3, COL6A2, MEF2C, MYLK, CRYAB, CREM, KLF9",1,gpt-4o-2024-08-06,openai,breast cancer,human
cluster_33,cancerous epithelial cell,"HER2-positive Breast Cancer Cells, Luminal B Breast Cancer Cells, Basal-like Breast Cancer Cells",,"TBC1D30, RASSF3, EFS, ERBB2, GRB7, GNS, ORMDL3, MSL1, MDM2, CAND1, CASC3, PSMB5, SLC35E3, PSMD3, AC093001.1, MED24, CCT2, LMTK3, MED1, RXYLT1, RGS16, FRS2, MGLL, MRPL52, KCNJ3, ZBTB10, TFAP2B, CDK12, LRRC59, APOD, LRRC26, LRP10, HSPB1, STARD3, RPL19, SQLE, RAP1B, MRPL27, MIEN1, COMT, SLC25A1, SLC35B1, UQCR10, DAD1, CALM3, OXA1L, TPD52, HES1, SLC9A3R1, EIF4EBP1",1,gpt-4o-2024-08-06,openai,breast cancer,human
cluster_34,Breast Cancer Cell,"Breast Cancer Epithelial Cells, Breast Cancer Stem-like Cells, Breast Cancer Proliferative Cells",,"MTCO2P12, H3-3A, H2BC12, H2AJ, H3-3B, PRXL2A, H1-2, H1-0, NIBAN2, H2AC6, PLAAT3, RBIS, H2AW, H1-10, H2AZ1, PLAAT4, NCBP2AS2, MACROH2A1, GARS1, MARCHF5, MICOS10, IARS1, ZNRD2, H2AZ2, ADSS2, LARS1, TUG1, ALDOA, NARS1, MIR570HG, MTLN, ANTKMT, MARCHF6, TLE5, DARS1, RO60, SEPTIN9, CIAO2B, SEPTIN2, GET3, MICOS13, NME2, FAM174C, SARS1, ATP6V0C, WBP1, MTRNR2L12, ZC3H11A, UQCRHL, GABARAP",1,gpt-4o-2024-08-06,openai,breast cancer,human
cluster_35,Endothelial Cells,"Vascular Endothelial Cells, Lymphatic Endothelial Cells, Tip Cells",,"VWF, CXorf36, PCDH17, EMCN, CLEC14A, CDH5, MMRN2, CD34, PLVAP, PTPRB, AQP1, ADGRL4, ECSCR, RAMP3, TIE1, ADGRF5, NOTCH4, ESAM, CLDN5, CALCRL, SOX18, HSPG2, PECAM1, KDR, EGFL7, RAMP2, IGFBP7, CD93, GNG11, COL4A1, PODXL, A2M, FLT1, COL15A1, SPARCL1, ENG, COL4A2, HEG1, SPRY1, PALMD, SPARC, S1PR1, PCAT19, ICAM2, CAV1, TCF4, EPAS1, SLC9A3R2, HYAL2, TGFBR2",1,gpt-4o-2024-08-06,openai,breast cancer,human
cluster_36,epithelial cells,"cancerous luminal epithelial cells, luminal epithelial cells, basal epithelial cells",cancerous epithelial cells,"AREG, TGM2, TMC5, ITGA2, USP53, AQP3, TNFRSF12A, TCIM, S100A6, C15orf48, STC2, TFPI, ITGB6, ANXA3, CD59, SAT1, ERRFI1, TM4SF1, MGLL, BATF, S100A14, DNAJC12, SYTL2, UGDH, HIGD1A, SQOR, FHL2, GCLM, ARHGAP29, KRT7, ACTN1, CXCL1, SOD2, ISG20, CXCL8, PDLIM5, RPS17, IER3, UGCG, PALLD, AZGP1, PAWR, VMP1, S100A16, BZW1, CXCL3, TACSTD2, HIF1A, LRRFIP1, CARHSP1",1,gpt-4o-2024-08-06,openai,breast cancer,human
cluster_37,epithelial cells,"luminal epithelial cells, basal epithelial cells, cancerous epithelial cells",,"SEPP1, MTL5, GNB2L1, GLTSCR2, ATP5B, WHSC1L1, FAM60A, STRA13, MMP24-AS1, C21orf59, C17orf89, ATP5A1, PVRL2, RTFDC1, FAM195B, SEPW1, C14orf166, ATP5D, C19orf60, C20orf24, ATP5I, C16orf13, APOA1BP, C19orf43, ATP5G3, SEP15, ATP5F1, ATP5O, GBAS, WBSCR22, ATP5G2, LINC01420, ATP5E, C7orf73, TCEB1, SELK, VIMP, ATP5H, HN1, ATP5J, ATP5C1, LINC00493, MYEOV2, TCEB2, ATPIF1, C11orf31, SCGB1D2, ATP5G1, C14orf2, ATP5L",1,gpt-4o-2024-08-06,openai,breast cancer,human
cluster_39,Cancer Cells with High Metabolic Activity,"Cancer Cells with Erythroid-like Features, Myoepithelial-like Cancer Cells, High Metabolic Activity Cancer Cells",,"TCEB2, SHFM1, C11orf31, ATP5L, USMG5, ATP5J2, TCEB1, ATP5E, SELM, ATP5C1, ATP5J, GNB2L1, SEPW1, WBP5, C14orf2, LINC00998, FAM127B, ATP5G3, APOA1BP, ATP5I, NGFRAP1, TMEM261, ATP5O, HN1, C7orf73, ATP5G2, C11orf73, C16orf13, LINC00493, MYEOV2, GBAS, ATP5A1, C19orf43, ATPIF1, VIMP, ATP5F1, ATP5H, AC090498.1, ATP5G1, C14orf166, FAM60A, SELK, SELT, WBSCR22, ATP5B, SEP15, STRA13, HBA2, C20orf24, S100A1",1,gpt-4o-2024-08-06,openai,breast cancer,human
cluster_4,T cells,"Cytotoxic T Cells (CD8+ T Cells), Helper T Cells (CD4+ T Cells), Regulatory T Cells (Tregs)",,"PTPRCAP, SEPTIN1, CD3E, MTCO2P12, SEPTIN6, ZAP70, H3-3B, IL2RB, CD7, CD2, PLAAT4, RESF1, LCK, CD3D, SPOCK2, CCL5, CST7, RAC2, IL2RG, CD52, TBC1D10C, SEPTIN9, TRBC2, CD247, LAT, H3-3A, CD27, CD3G, CORO1A, SEPTIN7, TRBC1, H4C3, LTB, IFITM1, IL32, LIMD2, TRAF3IP3, HCST, PTPRC, GIMAP7, ACAP1, CD37, H2AZ1, LCP2, TRAC, CD69, GIMAP4, LSP1, FYB1, DUSP2",1,gpt-4o-2024-08-06,openai,breast cancer,human
cluster_38,myoepithelial cells,"basal epithelial cells, smooth muscle cells",,"COL17A1, C2orf40, TAGLN, SYT8, MYH11, PTN, KRT17, MYLK, ACTA2, GRP, KRT14, APOE, CALML3, LTBP2, DST, MYL9, FBXO32, DKK3, A2M, PPP1R14A, TPM2, SAA1, S100A2, TSHZ2, ACTG2, MIA, BHLHE41, KRT5, LAMB3, TNC, NTRK2, CALD1, ANO1, SPARCL1, NNMT, TINAGL1, MT1E, FBXO2, MT1X, MT2A, SNCG, CC2D1A, CRYAB, ITGA2, PDLIM4, SEMA3C, SCPEP1, NPC2, SFRP1, PRNP",1,gpt-4o-2024-08-06,openai,breast cancer,human
cluster_40,Mammary Epithelial Cells,"Luminal Epithelial Cells, Basal/Myoepithelial Cells, Ductal Epithelial Cells",,"PIP, MUCL1, CRIP1, AZGP1, AC093001.1, HIST1H1C, IGFBP5, SCGB2A2, CRIP2, RPL36A, MIF, CALML5, ECHS1, HSPB1, PCBD1, CYB5A, MGP, RPS26, POLR2L, RPL31, RPLP0, NME4, LGALS1, ATP5IF1, SMIM22, IFITM2, IFITM3, DRAP1, RPS17, BANF1, RPL13A, RPL17, UQCRQ, KRT18, ATP5MF, RPS2, RPS10, H2AFJ, BST2, COX8A, RPL27A, AP2S1, RPL41, LY6E, RPS29, SNHG8, DDT, NDUFB1, PRDX5, RPL10A",1,gpt-4o-2024-08-06,openai,breast cancer,human
cluster_42,B cells,"Plasma Cells, Memory B Cells, Activated B Cells",,"IGKV1-12, IGLL5, TXNDC5, IGLV3-1, IGHG1, JCHAIN, DERL3, MZB1, IGHG2, IGHG3, MTCO2P12, CD79A, IGKC, POU2AF1, FCRL5, TNFRSF17, ITM2C, IGHM, ZBP1, IGHG4, LIME1, PIM2, CPNE5, CD38, SEL1L3, TENT5C, MEI1, SLAMF7, FKBP11, IGLC2, SPAG4, EAF2, TXNDC11, HSH2D, UBE2J1, ST6GAL1, MAN2B1, SEPTIN6, ST6GALNAC4, SEC11C, H3-3B, CCDC69, CIAO2A, H3-3A, PDK1, H4C3, H2AZ2, NCF1, SSR4, GPX1",1,gpt-4o-2024-08-06,openai,breast cancer,human
cluster_41,macrophages,"Tumor-Associated Macrophages (TAMs), M1 Macrophages, M2 Macrophages",,"FYB, SQRDL, ATP5E, ATP5L, GNB2L1, ATP5G2, ATP5G3, C14orf2, ATP5J2, USMG5, SELT, ATP5D, ATP5J, ATP5O, ATP5H, TCEB2, GPX1, HN1, C19orf60, ATP5B, ATP5I, ATPIF1, ATP5C1, ATP5F1, C19orf43, ATP5G1, SPP1, ATP5A1, C11orf31, C1QB, TYROBP, APOE, SELK, SHFM1, C1QA, C1QC, LINC00493, MYEOV2, SEP15, C14orf166, APOC1, GLTSCR2, TCEB1, C7orf73, CD14, FCER1G, SEPW1, HBB, AIF1, CD68",1,gpt-4o-2024-08-06,openai,breast cancer,human
cluster_43,Epithelial Cells,"Luminal Epithelial Cells, Basal Epithelial Cells, Myoepithelial Cells",,"RPS4Y1, INSR, C19orf70, ACOX2, GDF15, IFI27, CAPS, NDUFA13, AARD, HSPB1, KRT19, AGR2, NDUFA11, ISG15, ISYNA1, NR2F6, HIST1H1C, IFI6, S100A14, STARD10, KRT18, RPL36, CLDN3, ELF3, ATF3, SSBP4, USE1, KRT8, RARRES3, FKBP8, CRACR2B, CRIP1, REX1BD, CCT2, DUSP1, BABAM1, H1FX, IFITM3, SLC9A3R1, CENPX, UBA52, H3F3B, MIF, CDK4, CRABP2, ALDOA, DCXR, PLA2G16, XBP1, FAM96B",1,gpt-4o-2024-08-06,openai,breast cancer,human
cluster_45,mesenchymal cells,"Cancer-Associated Fibroblasts (CAFs), Mesenchymal Stem Cells (MSCs), Chondrocytes",,"IGF2, ACAN, COL2A1, PTGDS, LTO1, HSPB6, BGN, RBIS, H1-0, CRISPLD1, H3-3A, SNAI2, CRABP1, S100A1, FABP5, SDC2, ALDOA, CHI3L1, CTHRC1, MFAP2, NDRG1, H2AZ1, CIAO2A, ITM2C, PPP1R16A, H3-3B, PIP4P2, PTP4A3, TMEM68, CHKA, SERPINE2, NPW, LY6K, CHCHD7, H2AZ2, TCEA1, PPP1R1B, NGRN, GABARAP, VIM, GRINA, SEPTIN2, TSPAN3, GPX1, TGS1, UBE2V2, MRPL15, HSF1, BNIP3, GSTP1",1,gpt-4o-2024-08-06,openai,breast cancer,human
cluster_44,Epithelial,"Basal Epithelial Cells, Myoepithelial Cells, Inflammatory Epithelial Cells",,"KRT17, ACTG2, MT2A, KRT14, CAV1, SFN, KRT5, TAGLN, SAA1, ACTA2, MT1X, ITGA2, CRYAB, CXCL8, CXCL2, NNMT, GPC1, CXCL1, TPM2, CAV2, FHL2, TNFRSF12A, TUBB6, GLIPR1, MYC, CALD1, DST, DDX21, ITGB1, NOP16, KRT7, MTHFD2, PDLIM4, SLC3A2, BRIX1, ACTN1, PRMT1, CEBPD, ARID5B, PUM3, EIF4A1, EBNA1BP2, GNL3, ANXA1, MT1E, NCL, YBX3, NOP56, TUBB4B, TUBA1C",1,gpt-4o-2024-08-06,openai,breast cancer,human
cluster_46,fibroblasts,"cancer-associated fibroblasts (CAFs), myofibroblasts, pericytes",,"LHFP, PTRF, SELM, PRKCDBP, NGFRAP1, GNB2L1, WBP5, ATP5E, AC090498.1, ATP5L, TCEB2, LINC00657, GLTSCR2, SEPP1, USMG5, ATP5I, C14orf2, SHFM1, MYEOV2, ATP5D, ATP5G1, SEP15, C19orf60, ATP5G2, C19orf43, ATP5J, MESDC2, ATPIF1, ATP5H, ATP5O, ATP5G3, COL3A1, LINC01420, ATP5J2, SEPW1, SELK, VIMP, COL1A1, C14orf166, ATP5B, ATP5A1, SFRP2, COL1A2, ATP5C1, CD248, DCN, ATP5F1, IGFBP4, LINC00493, C7orf73",1,gpt-4o-2024-08-06,openai,breast cancer,human
cluster_47,endothelial cells,"vascular endothelial cells, lymphatic endothelial cells, tip cells",,"DIPK2B, VWF, PLVAP, CD34, CLEC14A, ARHGEF15, CDH5, TIE1, ROBO4, MTCO2P12, EMCN, ESAM, MMRN2, SOX18, PTPRB, HSPG2, AQP1, COL4A1, KDR, EGFL7, CALCRL, COL4A2, PECAM1, ADGRF5, ADCY4, PODXL, ADGRL4, NOTCH4, FLT1, RAMP2, RAMP3, CYYR1, ENG, IGFBP7, A2M, GNG11, LDB2, FZD4, COL15A1, ACVRL1, SPARC, LIMS2, CD93, HEG1, SPARCL1, RNASE1, TMEM204, PLXND1, H3-3A, LAMB1",1,gpt-4o-2024-08-06,openai,breast cancer,human
cluster_49,Mast Cells,"Connective Tissue Mast Cells, Mucosal Mast Cells, Tumor-Associated Mast Cells",,"TPSD1, MS4A2, CPA3, TPSAB1, SLC18A2, TPSB2, HDC, HPGDS, RHEX, SLC45A3, HPGD, GATA2, RGS13, VWA5A, MTCO2P12, KIT, PTGS1, HS3ST1, ALOX5, TESPA1, ADRB2, BTK, ARMH1, GRAP2, IL1RL1, H3-3B, TESC, LTC4S, CNRIP1, RAC2, HLA-DQA2, SEPTIN2, GPX1, SAMSN1, CD37, ARHGEF6, FCER1G, HLA-DRB5, H3-3A, LAT2, ATP6V0A2, LAT, MSRA, ALOX5AP, VIM, TYROBP, CARD16, RAB27B, MAOB, CD52",1,gpt-4o-2024-08-06,openai,breast cancer,human
cluster_48,B cells,"Naive B Cells, Memory B Cells, Plasma Cells",,"MS4A1, CD19, BLK, MTCO2P12, CD79A, BANK1, CD74, CD79B, CD37, NCF1, PTPRCAP, CD52, H3-3B, LTB, HLA-DRB5, HLA-DPA1, POU2F2, HLA-DPB1, SELL, SEPTIN6, ADAM28, RAC2, LIMD2, H3-3A, POLD4, HLA-DQA1, FCMR, HLA-DRA, HLA-DQB1, H4C3, IGHM, SEPTIN9, LAPTM5, HLA-DRB1, MTRNR2L12, CORO1A, RCSD1, PTPN6, MEF2C, GPSM3, CD69, RGS19, RALGPS2, HLA-DMA, CD53, GABARAP, LSP1, CSK, STK17A, GPX1",1,gpt-4o-2024-08-06,openai,breast cancer,human
cluster_5,luminal epithelial cells,"Luminal Progenitor Cells, Mature Luminal Cells, Luminal Breast Cancer Cells (Hormone Receptor-Positive)",,"MGP, SCGB2A2, SHROOM1, SCGB1D2, PI15, TFF1, KRT15, AGR3, AZGP1, PGR, NTN4, AGR2, SLC39A6, XBP1, SCUBE2, WFDC2, PIP, STC2, TFF3, MUCL1, HES1, ANKRD30A, BHLHE40, AREG, CRACR2B, PLAT, RARRES3, KIAA1324, NFIA, ELF3, ESR1, SLC4A7, FOXA1, MUC1, ZFP36, CCNG2, TBC1D9, EGR1, FOS, BTG2, MLPH, AR, GATA3, ATF3, FOSB, ATP1B1, JUND, EFHD1, IL6ST, RHOB",1,gpt-4o-2024-08-06,openai,breast cancer,human
cluster_51,Mast Cells,"Connective Tissue Mast Cells, Mucosal Mast Cells, Tumor-associated Mast Cells",,"AL157895.1, CPA3, TPSAB1, TPSB2, MS4A2, HPGDS, SLC18A2, HPGD, RGS13, RHEX, SLC45A3, GATA2, HDC, VWA5A, TMEM233, KIT, LTC4S, FCER1A, SAMSN1, GRAP2, CD69, IL1RL1, RGS1, RGS2, PTGS1, BTK, SRGN, ADRB2, LYL1, ALOX5, ALOX5AP, RENBP, ACSL4, CNRIP1, FCER1G, LAT2, CD52, RAC2, TMEM154, LAPTM5, LAT, ANXA1, MAOB, TYROBP, C1orf162, CLU, CD37, S100A4, ITM2A, VIM",1,gpt-4o-2024-08-06,openai,breast cancer,human
cluster_50,breast epithelial cells,"luminal epithelial cells, luminal progenitor cells, basal epithelial cells",,"BMP7, GDF15, S100A7, STEAP4, MESP1, VSIG2, SERHL2, SCGB3A1, LMTK3, FAM84B, FAM49B, PTGES, TFF1, SCGB2A2, GPD1L, TFF3, TMEM150C, DEPP1, EFR3A, CMTM8, PMEPA1, FAM210B, ASS1, ASAP1, SLC7A2, S100P, AC093001.1, OCLN, MIR4458HG, ZNF217, TFAP2C, C19orf33, PHF20L1, NPDC1, PRELID3B, INSR, KLF4, RPL17, S100A9, LRRC26, GOLM1, RAB22A, CD24, TATDN1, STX16, CRIP1, CALML5, OXR1, PAM, ATF3",1,gpt-4o-2024-08-06,openai,breast cancer,human
cluster_6,fibroblasts,"Cancer-Associated Fibroblasts (CAFs), Myofibroblasts, Mesenchymal Stem Cells (MSCs)",,"COL1A2, COL1A1, COL3A1, LUM, DCN, SFRP2, POSTN, SPARC, SFRP4, COL5A2, COL6A3, CTSK, AEBP1, ASPN, RARRES2, CTGF, CCDC80, COL6A1, COL10A1, THY1, COL6A2, VCAN, FN1, MMP2, FBN1, THBS2, FAP, SERPINF1, PCOLCE, GAS1, MMP11, COL5A1, EMILIN1, HTRA1, ISLR, BGN, C1S, CTHRC1, COL12A1, C1R, FBLN1, TAGLN, CXCL12, FSTL1, CFH, IGFBP7, CALD1, CDH11, SULF1, PRRX1",1,gpt-4o-2024-08-06,openai,breast cancer,human
cluster_7,epithelial cells,"basal-like breast cancer cells, luminal progenitor cells, myoepithelial cells",,"TTYH1, KRT5, TMEM213, KRT14, CDKN2A, CALML5, CRYAB, NDUFA4L2, SLPI, IGFBP5, S100A1, TSEN34, TCTEX1D2, CBR3, CRABP1, KRT6B, PHGDH, PERP, LMO4, MDFI, NFIX, ACTL6A, GMPS, NUDT5, FABP5, EPCAM, NDUFB5, VCAN, CSTB, ATP5F1C, CBR1, FXYD3, POLR2H, ATP5PO, UQCRH, CCT8, ETFB, CRABP2, MRPL47, SF3B6, GSTP1, ATP5F1B, C6orf48, TMEM123, PSMB2, KRT8, FBL, CDK4, TRIR, AP2M1",1,gpt-4o-2024-08-06,openai,breast cancer,human
cluster_8,T-cell,"Cytotoxic T Lymphocytes (CTLs), Effector Memory T-cells, Regulatory T-cells (Tregs)",,"TRAC, CD3D, CD2, TRBC2, CD3G, TRBC1, CD52, GZMA, CD7, TIGIT, CD247, NKG7, CCL5, CD69, LCK, PTPRC, CD96, CORO1A, SLA, IL32, SPOCK2, CD3E, CLEC2D, LTB, CYTIP, CD27, SRGN, FYN, HCST, IL7R, PTPN7, CST7, RGS1, RAC2, ACAP1, ITM2A, IKZF1, GMFG, APOBEC3G, FYB1, TBC1D10C, SAMSN1, IL2RG, CXCR4, SEPT6, CD48, RUNX3, ETS1, S100A4, LCP1",1,gpt-4o-2024-08-06,openai,breast cancer,human
cluster_9,stromal cells,"Cancer-associated fibroblasts (CAFs), Mesenchymal stem cells (MSCs), Myofibroblasts",,"AKR1C1, MEDAG, CXCL2, CXCL3, CXCL1, MEG3, GEM, TNFAIP6, TWIST2, IL6, DCN, CTSL, CLMP, CXCL8, MFAP4, DPT, APOD, PLPP3, FOSL1, PRRX1, MT1A, TFPI, IL1R1, CFD, SERPINE1, SOD2, AKAP12, CCL2, CCDC80, MT2A, SPHK1, SRGAP1, FGFR1, HMOX1, LUM, PLIN2, NFKBIA, KDM6B, ERRFI1, ANXA5, PDLIM4, NOP16, VIM, ARID5B, RND3, DDX21, TNFRSF12A, WTAP, ABL2, BTG3",1,gpt-4o-2024-08-06,openai,breast cancer,human
